{
    "$schema": "https://schema.management.azure.com/schemas/2015-01-01/deploymentParameters.json#",
    "contentVersion": "1.0.0.0",
    "parameters": {
        "serverName": {
            "value": "pruebasistemaerp"
        },
        "location": {
            "value": "southcentralus"
        },
        "skuName": {
            "value": "B_Gen5_2"
        },
        "skuTier": {
            "value": "Basic"
        },
        "skuCapacity": {
            "value": 2
        },
        "skuFamily": {
            "value": "Gen5"
        },
        "skuSizeMB": {
            "value": 51200
        },
        "backupRetentionDays": {
            "value": 7
        },
        "geoRedundantBackup": {
            "value": "Disabled"
        },
        "storageAutoGrow": {
            "value": "Enabled"
        },
        "tags": {
            "value": {}
        },
        "infrastructureEncryption": {
            "value": "Disabled"
        },
        "administratorLogin": {
            "value": "Circulate"
        },
        "administratorLoginPassword": {
            "value": null
        },
        "previewFeature": {
            "value": ""
        },
        "version": {
            "value": "11"
        }
    }
}